<?xml version="1.0" encoding="UTF-8"?>
<project-private xmlns="http://www.netbeans.org/ns/project-private/1">
    <editor-bookmarks xmlns="http://www.netbeans.org/ns/editor-bookmarks/2" lastBookmarkId="0"/>
    <open-files xmlns="http://www.netbeans.org/ns/projectui-open-files/2">
        <group>
            <file>file:/Users/alejandrobrega/Dropbox/www/guia9/wp-content/themes/responsive/sidebar.php</file>
            <file>file:/Users/alejandrobrega/Dropbox/www/guia9/wp-content/themes/responsive/home.php</file>
            <file>file:/Users/alejandrobrega/Dropbox/www/guia9/wp-content/themes/responsive/single.php</file>
            <file>file:/Users/alejandrobrega/Dropbox/www/guia9/wp-config.php</file>
        </group>
    </open-files>
</project-private>
